[
    {
        "id": "2fbeb6ebffc649ff81d1e324f410eed6",
        "razon_social": "Gelato S.A.",
        "nombre_fantasia": null,
        "cuit": "30699349603",
        "codigo_interno": null,
        "legacy_id_bas": null,
        "whatsapp_empresa": null,
        "web_portal_pagos": null,
        "datos_acceso_pagos": null,
        "observaciones": null,
        "condicion_iva_id": "966fdb33d6a64e499c81197790567dcb",
        "lista_precios_id": null,
        "segmento_id": "8989a55dcc6e4e1bb6b603e1d6e7f6ee",
        "vendedor_id": null,
        "estrategia_precio": "MAYORISTA_FISCAL",
        "saldo_actual": 0,
        "activo": 1,
        "requiere_auditoria": 0,
        "contador_uso": 0,
        "historial_cache": "[]",
        "created_at": "2026-01-05 19:10:02.485570",
        "updated_at": "2026-01-08 16:56:01.035485"
    },
    {
        "id": "d3747f3facc04c1a85025f14984a69ed",
        "razon_social": "Lácteos de Poblet S.A.",
        "nombre_fantasia": null,
        "cuit": "33660726859",
        "codigo_interno": null,
        "legacy_id_bas": null,
        "whatsapp_empresa": null,
        "web_portal_pagos": null,
        "datos_acceso_pagos": null,
        "observaciones": null,
        "condicion_iva_id": "966fdb33d6a64e499c81197790567dcb",
        "lista_precios_id": null,
        "segmento_id": "8989a55dcc6e4e1bb6b603e1d6e7f6ee",
        "vendedor_id": null,
        "estrategia_precio": "MAYORISTA_FISCAL",
        "saldo_actual": 0,
        "activo": 1,
        "requiere_auditoria": 0,
        "contador_uso": 0,
        "historial_cache": "[]",
        "created_at": "2026-01-06 14:41:14.265655",
        "updated_at": "2026-01-06 16:44:13.354012"
    },
    {
        "id": "4af49a480dca4f87af3871d85c4f5b2c",
        "razon_social": "EDUARDO DELUCA S.A.C.I.",
        "nombre_fantasia": null,
        "cuit": "30517358416",
        "codigo_interno": null,
        "legacy_id_bas": null,
        "whatsapp_empresa": null,
        "web_portal_pagos": null,
        "datos_acceso_pagos": null,
        "observaciones": null,
        "condicion_iva_id": "966fdb33d6a64e499c81197790567dcb",
        "lista_precios_id": null,
        "segmento_id": "0bde1b6c539748d7b75ea35c8ea0ea3f",
        "vendedor_id": null,
        "estrategia_precio": "MAYORISTA_FISCAL",
        "saldo_actual": 0,
        "activo": 1,
        "requiere_auditoria": 0,
        "contador_uso": 0,
        "historial_cache": "[]",
        "created_at": "2026-01-06 15:16:40.138836",
        "updated_at": "2026-01-06 15:27:19.142906"
    },
    {
        "id": "0c2866b2444a4d9b8878ddb88a5dd2e2",
        "razon_social": "Consumidor Final",
        "nombre_fantasia": null,
        "cuit": "00000000000",
        "codigo_interno": null,
        "legacy_id_bas": null,
        "whatsapp_empresa": null,
        "web_portal_pagos": null,
        "datos_acceso_pagos": null,
        "observaciones": null,
        "condicion_iva_id": "f9cb56f12b2c47169b0f7bed74196d4c",
        "lista_precios_id": null,
        "segmento_id": null,
        "vendedor_id": null,
        "estrategia_precio": "MAYORISTA_FISCAL",
        "saldo_actual": 0,
        "activo": 1,
        "requiere_auditoria": 0,
        "contador_uso": 0,
        "historial_cache": "[]",
        "created_at": "2026-01-07 19:39:00.852430",
        "updated_at": "2026-01-07 19:39:00.852430"
    }
]