[
    {
        "id": "5fa7aa8a780a4fa8a1085a42c0e65b25",
        "cliente_id": "4af49a480dca4f87af3871d85c4f5b2c",
        "alias": null,
        "calle": "AV. CORDOBA",
        "numero": "2028",
        "cp": "1120",
        "localidad": "CABA",
        "provincia_id": "C",
        "activo": 1,
        "es_fiscal": 1,
        "es_entrega": 1,
        "transporte_habitual_nodo_id": null,
        "transporte_id": null,
        "intermediario_id": null,
        "metodo_entrega": "TRANSPORTE",
        "modalidad_envio": "A_DOMICILIO",
        "origen_logistico": "DESPACHO_NUESTRO"
    },
    {
        "id": "446075364bea410ea8cf18c0fa9c40ba",
        "cliente_id": "2fbeb6ebffc649ff81d1e324f410eed6",
        "alias": null,
        "calle": "RUTA PROVINCIAL 36 Y CALLE 630",
        "numero": "S/N",
        "cp": "1900",
        "localidad": "La Plata",
        "provincia_id": "B",
        "activo": 1,
        "es_fiscal": 1,
        "es_entrega": 1,
        "transporte_habitual_nodo_id": null,
        "transporte_id": null,
        "intermediario_id": null,
        "metodo_entrega": "TRANSPORTE",
        "modalidad_envio": "A_DOMICILIO",
        "origen_logistico": "DESPACHO_NUESTRO"
    },
    {
        "id": "7ef4c05af9fa4a9ea267766e0a180817",
        "cliente_id": "d3747f3facc04c1a85025f14984a69ed",
        "alias": null,
        "calle": "RUTA PROVINCIAL 36 Y CALLE 630",
        "numero": "",
        "cp": "1900",
        "localidad": "La Plata",
        "provincia_id": "BA",
        "activo": 1,
        "es_fiscal": 1,
        "es_entrega": 1,
        "transporte_habitual_nodo_id": null,
        "transporte_id": null,
        "intermediario_id": null,
        "metodo_entrega": "TRANSPORTE",
        "modalidad_envio": "A_DOMICILIO",
        "origen_logistico": "DESPACHO_NUESTRO"
    },
    {
        "id": "015faff097b34c50a37a60a1d11c001a",
        "cliente_id": "0c2866b2444a4d9b8878ddb88a5dd2e2",
        "alias": null,
        "calle": "Roseti",
        "numero": "1482",
        "cp": null,
        "localidad": "CABA",
        "provincia_id": "CABA",
        "activo": 1,
        "es_fiscal": 1,
        "es_entrega": 1,
        "transporte_habitual_nodo_id": null,
        "transporte_id": null,
        "intermediario_id": null,
        "metodo_entrega": null,
        "modalidad_envio": null,
        "origen_logistico": null
    }
]