[
    {
        "id": 4,
        "pedido_id": 2,
        "producto_id": 148,
        "cantidad": 3.0,
        "precio_unitario": 23650.0,
        "descuento_porcentaje": 0.0,
        "descuento_importe": 0.0,
        "subtotal": 70950.0,
        "nota": ""
    },
    {
        "id": 5,
        "pedido_id": 1,
        "producto_id": 113,
        "cantidad": 2000.0,
        "precio_unitario": 40.0,
        "descuento_porcentaje": 0.0,
        "descuento_importe": 0.0,
        "subtotal": 80000.0,
        "nota": ""
    }
]