[
    {
        "id": 1,
        "fecha": "2026-01-05 00:00:00.000000",
        "cliente_id": "2fbeb6ebffc649ff81d1e324f410eed6",
        "total": 96800.0,
        "nota": "G4215",
        "estado": "PENDIENTE",
        "tipo_facturacion": "A",
        "origen": "DIRECTO",
        "fecha_compromiso": null,
        "liberado_despacho": 0,
        "oc": "",
        "descuento_global_porcentaje": 0.0,
        "descuento_global_importe": 0.0,
        "created_at": "2026-01-06 12:16:00.293039",
        "updated_at": "2026-01-07 15:51:10.774239"
    },
    {
        "id": 2,
        "fecha": "2026-01-05 00:00:00.000000",
        "cliente_id": "4af49a480dca4f87af3871d85c4f5b2c",
        "total": 85849.5,
        "nota": "00000003",
        "estado": "PENDIENTE",
        "tipo_facturacion": "A",
        "origen": "DIRECTO",
        "fecha_compromiso": null,
        "liberado_despacho": 0,
        "oc": "",
        "descuento_global_porcentaje": 0.0,
        "descuento_global_importe": 0.0,
        "created_at": "2026-01-06 13:46:22.138559",
        "updated_at": "2026-01-07 15:51:58.791782"
    }
]