[
    {
        "id": 6,
        "sku": 10068,
        "codigo_visual": null,
        "nombre": "Guante nitrilo caja por 100 Un Talle M",
        "descripcion": null,
        "rubro_id": 6,
        "proveedor_habitual_id": null,
        "tasa_iva_id": null,
        "tipo_producto": "VENTA",
        "unidad_stock_id": null,
        "unidad_compra_id": null,
        "factor_compra": 1,
        "unidad_medida": "UN",
        "activo": 1,
        "es_kit": 0,
        "created_at": "2026-01-05 20:21:50"
    },
    {
        "id": 58,
        "sku": 10120,
        "codigo_visual": null,
        "nombre": "Barbijos rectos con tiras",
        "descripcion": null,
        "rubro_id": 27,
        "proveedor_habitual_id": null,
        "tasa_iva_id": null,
        "tipo_producto": "VENTA",
        "unidad_stock_id": null,
        "unidad_compra_id": null,
        "factor_compra": 1,
        "unidad_medida": "UN",
        "activo": 1,
        "es_kit": 0,
        "created_at": "2026-01-06 20:19:38"
    },
    {
        "id": 113,
        "sku": 10175,
        "codigo_visual": null,
        "nombre": "Barbijo Recto con elástico",
        "descripcion": null,
        "rubro_id": 27,
        "proveedor_habitual_id": null,
        "tasa_iva_id": null,
        "tipo_producto": "VENTA",
        "unidad_stock_id": null,
        "unidad_compra_id": null,
        "factor_compra": 1,
        "unidad_medida": "UN",
        "activo": 1,
        "es_kit": 0,
        "created_at": "2026-01-05 20:06:59"
    },
    {
        "id": 114,
        "sku": 10176,
        "codigo_visual": null,
        "nombre": "Barbijo Cónico",
        "descripcion": null,
        "rubro_id": 27,
        "proveedor_habitual_id": null,
        "tasa_iva_id": null,
        "tipo_producto": "VENTA",
        "unidad_stock_id": null,
        "unidad_compra_id": null,
        "factor_compra": 1,
        "unidad_medida": "UN",
        "activo": 1,
        "es_kit": 0,
        "created_at": "2026-01-06 19:50:30"
    },
    {
        "id": 148,
        "sku": 10209,
        "codigo_visual": null,
        "nombre": "Pack camilleros x 2 rollos",
        "descripcion": null,
        "rubro_id": 26,
        "proveedor_habitual_id": null,
        "tasa_iva_id": null,
        "tipo_producto": "VENTA",
        "unidad_stock_id": null,
        "unidad_compra_id": null,
        "factor_compra": 1,
        "unidad_medida": "UN",
        "activo": 1,
        "es_kit": 0,
        "created_at": "2026-01-06 15:17:21"
    }
]