[
    {
        "id": 1,
        "producto_id": 113,
        "costo_reposicion": 0,
        "margen_mayorista": 0,
        "moneda_costo": "ARS",
        "iva_alicuota": 21,
        "precio_fijo_override": null,
        "cm_objetivo": null,
        "permitir_descuentos": 1
    },
    {
        "id": 2,
        "producto_id": 6,
        "costo_reposicion": 0,
        "margen_mayorista": 0,
        "moneda_costo": "ARS",
        "iva_alicuota": 21,
        "precio_fijo_override": null,
        "cm_objetivo": null,
        "permitir_descuentos": 1
    },
    {
        "id": 3,
        "producto_id": 148,
        "costo_reposicion": 0,
        "margen_mayorista": 0,
        "moneda_costo": "ARS",
        "iva_alicuota": 21,
        "precio_fijo_override": null,
        "cm_objetivo": null,
        "permitir_descuentos": 1
    },
    {
        "id": 4,
        "producto_id": 114,
        "costo_reposicion": 0,
        "margen_mayorista": 0,
        "moneda_costo": "ARS",
        "iva_alicuota": 21,
        "precio_fijo_override": null,
        "cm_objetivo": null,
        "permitir_descuentos": 1
    },
    {
        "id": 5,
        "producto_id": 58,
        "costo_reposicion": 0,
        "margen_mayorista": 0,
        "moneda_costo": "ARS",
        "iva_alicuota": 21,
        "precio_fijo_override": null,
        "cm_objetivo": null,
        "permitir_descuentos": 1
    }
]