[
    {
        "id": 6,
        "codigo": "6",
        "nombre": "Guantes",
        "padre_id": null,
        "activo": 1,
        "margen_default": 0,
        "created_at": "2026-01-05 20:21:50"
    },
    {
        "id": 26,
        "codigo": "26",
        "nombre": "General",
        "padre_id": null,
        "activo": 1,
        "margen_default": 0,
        "created_at": "2026-01-06 15:17:21"
    },
    {
        "id": 27,
        "codigo": "27",
        "nombre": "Ropa Descartable",
        "padre_id": null,
        "activo": 1,
        "margen_default": 0,
        "created_at": "2026-01-05 20:06:59"
    }
]