[
    {
        "id": "e5589396817940868bdb97d4ee94297b",
        "nombre": "General",
        "descripcion": null,
        "activo": 1
    },
    {
        "id": "f4e0c8d64f7f420f8fbbfea133010446",
        "nombre": "Premium",
        "descripcion": null,
        "activo": 1
    },
    {
        "id": "0bde1b6c539748d7b75ea35c8ea0ea3f",
        "nombre": "Distribuidor",
        "descripcion": null,
        "activo": 1
    },
    {
        "id": "c3a3b094be9d4f3e98cb4f0eb6796259",
        "nombre": "Retail",
        "descripcion": null,
        "activo": 1
    },
    {
        "id": "8989a55dcc6e4e1bb6b603e1d6e7f6ee",
        "nombre": "Alimentación",
        "descripcion": null,
        "activo": 1
    }
]