﻿nombre_original,nombre_final,alias,cuit,frecuencia,estado
LABME,Laboratorio de Medicina SA,labme,30581050301,26,IMPORTAR
LÁCTEOS,Lácteos de Poblet SA,Lacteos,33660726859,18,IMPORTAR
GELATO,GELATO SA,GELATO,30699349603,16,IMPORTAR
DOC BAIRES,DOC BAIRES,,,10,PENDIENTE
CENTRO PET,CENTRO PET,,,8,PENDIENTE
SANATORIO MATERNO INFANTIL,SANATORIO MATERNO INFANTIL,,30629363765,8,PENDIENTE
HOSPIMED,HOSPIMED,,30714696153,7,PENDIENTE
LACTEOS,LACTEOS,,33-66072685-9,6,PENDIENTE
LAVIMAR,LAVIMAR,,,6,PENDIENTE
ODONTOSTORE,ODONTOSTORE,,,6,PENDIENTE
DELUCA,DELUCA,,30517358416,5,PENDIENTE
GENESIS BAG,GENESIS BAG,,,5,PENDIENTE
GÉNESIS,GÉNESIS,,,5,PENDIENTE
SAI,SAI,,,5,PENDIENTE
MEDICIENT,MEDICIENT,,,4,PENDIENTE
SANATORIO ARGENTINO SRL,SANATORIO ARGENTINO SRL,,30629363765,4,PENDIENTE
JOHN MARTIN,JOHN MARTIN,,30-60932246-9,4,PENDIENTE
LUVIANKA,LUVIANKA,,30-66665158-2,4,PENDIENTE
CRÍO CENTER,CRÍO CENTER,,,4,PENDIENTE
BIOTENK,BIOTENK,,30-61130663-2,4,PENDIENTE
IMPLANSUR,IMPLANSUR,,30708892714,3,PENDIENTE
L´EPÍ,L´EPÍ,,,3,PENDIENTE
JORGITO,JORGITO,,,3,PENDIENTE
SALUD PRIVADA SRL CHACO,SALUD PRIVADA SRL CHACO,,,3,PENDIENTE
VALERIA PSCHEPIURKA,VALERIA PSCHEPIURKA,,,3,PENDIENTE
DENTAL BARILOCHE,DENTAL BARILOCHE,,20288633704,3,PENDIENTE
FEDERICO ACUARIO,FEDERICO ACUARIO,,,3,PENDIENTE
GREGORIO CARRERAS,GREGORIO CARRERAS,,,3,PENDIENTE
RIZOBACTER,RIZOBACTER,,,3,PENDIENTE
QUÍMICA FÉNIX,QUÍMICA FÉNIX,,,3,PENDIENTE
ROCHE,ROCHE,,"305227444280,-",3,PENDIENTE
HONNEYMAX,HONNEYMAX,,,3,PENDIENTE
ACUARIO,ACUARIO,,,3,PENDIENTE
DAVID BULACIO,DAVID BULACIO,,CUIT 20293058564,3,PENDIENTE
GÉNESIS BAG,GÉNESIS BAG,,,3,PENDIENTE
CIENTÍFICA PARQUE CENTENARIO SRL,CIENTÍFICA PARQUE CENTENARIO SRL,,,2,PENDIENTE
CERETTI 2098,CERETTI 2098,,,2,PENDIENTE
CENTRO MÉDICO NOGOYÁ,CENTRO MÉDICO NOGOYÁ,,30-58106903-7,2,PENDIENTE
CERETTI 2098 SRL,CERETTI 2098 SRL,,,2,PENDIENTE
TRADE FARMA,TRADE FARMA,,,2,PENDIENTE
QUIMICA FENIX,QUIMICA FENIX,,30714696153,2,PENDIENTE
PANALAB SA ARGENTINA,PANALAB SA ARGENTINA,,30-61375512-4,2,PENDIENTE
OC010193,OC010193,,,2,PENDIENTE
MATÍAS BORDA,MATÍAS BORDA,,,2,PENDIENTE
SERGIO JOFRE,SERGIO JOFRE,,CUIT 20293058564,2,PENDIENTE
DOMINI SAN RAFAEL SA,DOMINI SAN RAFAEL SA,,,2,PENDIENTE
JOMAX,JOMAX,,,2,PENDIENTE
DISTRIBUIDORA ANTAPHARMA,DISTRIBUIDORA ANTAPHARMA,,20-15212370-2,2,PENDIENTE
TRAUMATHOS,TRAUMATHOS,,,2,PENDIENTE
TERAPIA RADIANTE,TERAPIA RADIANTE,,,2,PENDIENTE
ROSA,ROSA,,30-60611097-5,2,PENDIENTE
CYNTHIA PAEZ,CYNTHIA PAEZ,,,2,PENDIENTE
MAC GUIVER,MAC GUIVER,,,2,PENDIENTE
LUNDBECK ARGENTINA SA,LUNDBECK ARGENTINA SA,,30707747257,2,PENDIENTE
GEA INSUMOS,GEA INSUMOS,,,2,PENDIENTE
AMAZING TATTOO,AMAZING TATTOO,,,2,PENDIENTE
ADDITIVE,ADDITIVE,,,1,PENDIENTE
ALFAJORES JORGITO SA,ALFAJORES JORGITO SA,,,1,PENDIENTE
ADRI NAILS,ADRI NAILS,,,1,PENDIENTE
A SUÁREZ CIPOLLETTI,A SUÁREZ CIPOLLETTI,,,1,PENDIENTE
ABARKAR,ABARKAR,,,1,PENDIENTE
ABEL ALONSO HASS,ABEL ALONSO HASS,,,1,PENDIENTE
ABEL HASS,ABEL HASS,,,1,PENDIENTE
A SUAREZ CIPOLLETTI,A SUAREZ CIPOLLETTI,,,1,PENDIENTE
A SUAREZ BARILOCHE,A SUAREZ BARILOCHE,,,1,PENDIENTE
A SUÁREZ BARILOCHE,A SUÁREZ BARILOCHE,,,1,PENDIENTE
ANA ROBLES,ANA ROBLES,,,1,PENDIENTE
CECILIA VERÓNICA SOSA,CECILIA VERÓNICA SOSA,,,1,PENDIENTE
CAMPO BIOLOGICO SAS,CAMPO BIOLOGICO SAS,,33-68337005-9,1,PENDIENTE
BLANCA MARIANO,BLANCA MARIANO,,27-14103399-4,1,PENDIENTE
CERES DEMETER SA,CERES DEMETER SA,,30-68729954-6,1,PENDIENTE
DE LUCA,DE LUCA,,,1,PENDIENTE
DC SERVICIOS GENERALES SRL,DC SERVICIOS GENERALES SRL,,,1,PENDIENTE
DAVID BULACIO ANTAPHARMA,DAVID BULACIO ANTAPHARMA,,,1,PENDIENTE
DAVID BOULASCIO,DAVID BOULASCIO,,,1,PENDIENTE
CLINICA OESTE,CLINICA OESTE,,30-54585290-6,1,PENDIENTE
CLÍNICA INDEPENDENCIA,CLÍNICA INDEPENDENCIA,,,1,PENDIENTE
COALIX SA,COALIX SA,,30-70952206-6,1,PENDIENTE
CRIOCENTER,CRIOCENTER,,,1,PENDIENTE
CIUDAD HOSPITALARIA,CIUDAD HOSPITALARIA,,30-64471026-9,1,PENDIENTE
CINTIA MORÓN,CINTIA MORÓN,,,1,PENDIENTE
CINTEFICA PARQUE CENTENARIO SRL,CINTEFICA PARQUE CENTENARIO SRL,,,1,PENDIENTE
ALEJANDRA GENDARMERIA,ALEJANDRA GENDARMERIA,,,1,PENDIENTE
FACUNDO CEBALLOS,FACUNDO CEBALLOS,,,1,PENDIENTE
ERNESTO VAN ROSSUM Y CIA SRL,ERNESTO VAN ROSSUM Y CIA SRL,,,1,PENDIENTE
F1593,F1593,,,1,PENDIENTE
F1583,F1583,,,1,PENDIENTE
HONNEY,HONNEY,,,1,PENDIENTE
GUSTAVO PALAZZOLO,GUSTAVO PALAZZOLO,,,1,PENDIENTE
GUILLERMO,GUILLERMO,,20-16299748-4,1,PENDIENTE
GABY VELEZ SÁFIELD,GABY VELEZ SÁFIELD,,,1,PENDIENTE
GALÁN SABRINA ANDREA,GALÁN SABRINA ANDREA,,27-20567942-7,1,PENDIENTE
GALAN SABRINA ANDREA,GALAN SABRINA ANDREA,,Cuit. 27304037976,1,PENDIENTE
GELI&CO SAICA,GELI&CO SAICA,,30-52193459-6,1,PENDIENTE
GENESIS,GENESIS,,,1,PENDIENTE
FERNANDO GODIRIO,FERNANDO GODIRIO,,,1,PENDIENTE
FEDERACIÓN ODONTOLÓGCA BS AS,FEDERACIÓN ODONTOLÓGCA BS AS,,,1,PENDIENTE
FARMAGRAM,FARMAGRAM,,,1,PENDIENTE
FEDERACIÓN OD BS AS,FEDERACIÓN OD BS AS,,,1,PENDIENTE
ELIANA GUARDIA,ELIANA GUARDIA,,27-14103399-4,1,PENDIENTE
DISTRIBUIDORA PATAGÓNICA,DISTRIBUIDORA PATAGÓNICA,,20-04584203-8,1,PENDIENTE
EDUARDO DELUCA,EDUARDO DELUCA,,30517358416,1,PENDIENTE
DON ERCOLE SA  -  RÍO IV,DON ERCOLE SA  -  RÍO IV,,,1,PENDIENTE
MARTIN M Y M,MARTIN M Y M,,30-50332982-0,1,PENDIENTE
MARIANA MAZZA,MARIANA MAZZA,,23-14820378-4,1,PENDIENTE
MAGDALENAS,MAGDALENAS,,,1,PENDIENTE
LORAINE,LORAINE,,,1,PENDIENTE
LORRAINE,LORRAINE,,,1,PENDIENTE
LPC,LPC,,,1,PENDIENTE
LUCANI,LUCANI,,,1,PENDIENTE
LUNDBECK,LUNDBECK,,30707747257,1,PENDIENTE
LAS MAGDALENAS,LAS MAGDALENAS,,30-54676404-0,1,PENDIENTE
LAURA,LAURA,,23-20051585-4,1,PENDIENTE
INS ARG S. A.,INS ARG S. A.,,30-68310903-3,1,PENDIENTE
INAPYR SRL,INAPYR SRL,,33647736969,1,PENDIENTE
IMPLAN SUR,IMPLAN SUR,,30708892714,1,PENDIENTE
JOHANNA  BRENDA PÉREZ,JOHANNA  BRENDA PÉREZ,,,1,PENDIENTE
LA NUEVA SAN FRANCISCO,LA NUEVA SAN FRANCISCO,,,1,PENDIENTE
JOSEFINA MASSOLA,JOSEFINA MASSOLA,,,1,PENDIENTE
HONNEYMAX SA,HONNEYMAX SA,,30-67765582-4,1,PENDIENTE
IVÁN FERNANDO BIELER,IVÁN FERNANDO BIELER,,20-23837419-8,1,PENDIENTE
INST DE TERAPIA RADIANTE SAN NICOLAS,INST DE TERAPIA RADIANTE SAN NICOLAS,,,1,PENDIENTE
NICOLE ROSARIO,NICOLE ROSARIO,,,1,PENDIENTE
OC 1373,OC 1373,,,1,PENDIENTE
NICOLE VILLALBA ROSARIO,NICOLE VILLALBA ROSARIO,,,1,PENDIENTE
NICOLE VILLALBA,NICOLE VILLALBA,,,1,PENDIENTE
MARÍA INES CERETTI 2098 SRL,MARÍA INES CERETTI 2098 SRL,,,1,PENDIENTE
MYM INSUMOS ODONTOLÓGICOS,MYM INSUMOS ODONTOLÓGICOS,,,1,PENDIENTE
MYM LA PLATA,MYM LA PLATA,,,1,PENDIENTE
MYM ODONTOLÓGICOS LA PLATA,MYM ODONTOLÓGICOS LA PLATA,,,1,PENDIENTE
MILLANEL COSMETICA SRL,MILLANEL COSMETICA SRL,,,1,PENDIENTE
MILLER,MILLER,,,1,PENDIENTE
MIRTA ROSSINI,MIRTA ROSSINI,,,1,PENDIENTE
MORA LANGER,MORA LANGER,,,1,PENDIENTE
MTG GROUP,MTG GROUP,,,1,PENDIENTE
QUIMICA FÉNIX,QUIMICA FÉNIX,,,1,PENDIENTE
PO 4500546039,PO 4500546039,,,1,PENDIENTE
PETROPLASTIC SA,PETROPLASTIC SA,,,1,PENDIENTE
PO 4500546038,PO 4500546038,,,1,PENDIENTE
PETROPLASTIC,PETROPLASTIC,,,1,PENDIENTE
PAOLA CARO SERVENTI TANDIL,PAOLA CARO SERVENTI TANDIL,,,1,PENDIENTE
PAO PERGAMINO,PAO PERGAMINO,,,1,PENDIENTE
PAO TANDIL,PAO TANDIL,,,1,PENDIENTE
ORTOPEDIA ESCOBAR,ORTOPEDIA ESCOBAR,,,1,PENDIENTE
PABLO CE,PABLO CE,,CUIT 20293058564,1,PENDIENTE
PANALAB,PANALAB,,30-65812709-4,1,PENDIENTE
NATALIA RAMIREZ,NATALIA RAMIREZ,,,1,PENDIENTE
RUTIDEN CIOLLETTI,RUTIDEN CIOLLETTI,,,1,PENDIENTE
RUTIDEN BARILOCHE,RUTIDEN BARILOCHE,,,1,PENDIENTE
RIZOBACTER ARGENTINA SA,RIZOBACTER ARGENTINA SA,,30524205226,1,PENDIENTE
ROMI,ROMI,,,1,PENDIENTE
SERGIO JOFRE SAN JUAN,SERGIO JOFRE SAN JUAN,,,1,PENDIENTE
SEBASTIAN FLEISCHER EL TALAR PARANÁ,SEBASTIAN FLEISCHER EL TALAR PARANÁ,,,1,PENDIENTE
SANATORIO OESTE,SANATORIO OESTE,,30-99927011-1,1,PENDIENTE
SALUD PRIVADAS S.R.L,SALUD PRIVADAS S.R.L,,JORGE CATTALIN,1,PENDIENTE
SOUBEIRAN CHOBET,SOUBEIRAN CHOBET,,,1,PENDIENTE
SIGNUM SEPIF,SIGNUM SEPIF,,30715164473,1,PENDIENTE
SOL,SOL,,,1,PENDIENTE
SOFÍA ACOSTA,SOFÍA ACOSTA,,,1,PENDIENTE
TERAPIA RADIANTE SAN NICOLAS,TERAPIA RADIANTE SAN NICOLAS,,,1,PENDIENTE
TECNOIMPLANTES SA,TECNOIMPLANTES SA,,30708892714,1,PENDIENTE
SUSY`S NAILS STORE,SUSY`S NAILS STORE,,,1,PENDIENTE
TERAPIA RDIANTE SAN NICOLAS,TERAPIA RDIANTE SAN NICOLAS,,,1,IGNORAR
TERAPIA RADIANTE SAN NICOLÁS,TERAPIA RADIANTE SAN NICOLÁS,,,1,PENDIENTE
TRAUMATHOS. S.A,TRAUMATHOS. S.A,,,1,PENDIENTE
VALU HURLINGHAM,VALU HURLINGHAM,,,1,PENDIENTE
VERÓNICA QUINTERO,VERÓNICA QUINTERO,,,1,PENDIENTE
