﻿nombre,cuit,frecuencia
LABME,,26
LÁCTEOS,,18
GELATO,,16
DOC BAIRES,,10
CENTRO PET,,8
SANATORIO MATERNO INFANTIL,,8
HOSPIMED,",-30714696153",7
LACTEOS,,6
LAVIMAR,,6
ODONTOSTORE,,6
DELUCA,,5
GENESIS BAG,,5
GÉNESIS,,5
SAI,,5
MEDICIENT,,4
SANATORIO ARGENTINO SRL,,4
JOHN MARTIN,,4
LUVIANKA,,4
CRÍO CENTER,,4
BIOTENK,,4
IMPLANSUR,,3
L´EPÍ,,3
JORGITO,,3
SALUD PRIVADA SRL CHACO,,3
VALERIA PSCHEPIURKA,,3
DENTAL BARILOCHE,20288633704,3
FEDERICO ACUARIO,,3
GREGORIO CARRERAS,,3
RIZOBACTER,,3
QUÍMICA FÉNIX,,3
ROCHE,"305227444280,-",3
HONNEYMAX,,3
ACUARIO,,3
DAVID BULACIO,CUIT 20293058564,3
GÉNESIS BAG,,3
CIENTÍFICA PARQUE CENTENARIO SRL,,2
CERETTI 2098,,2
CENTRO MÉDICO NOGOYÁ,,2
CERETTI 2098 SRL,,2
TRADE FARMA,,2
QUIMICA FENIX,30714696153,2
PANALAB SA ARGENTINA,,2
OC010193,,2
MATÍAS BORDA,,2
SERGIO JOFRE,CUIT 20293058564,2
DOMINI SAN RAFAEL SA,,2
JOMAX,,2
DISTRIBUIDORA ANTAPHARMA,,2
TRAUMATHOS,,2
TERAPIA RADIANTE,,2
ROSA,,2
CYNTHIA PAEZ,,2
MAC GUIVER,,2
LUNDBECK ARGENTINA SA,,2
GEA INSUMOS,,2
AMAZING TATTOO,,2
ADDITIVE,,1
ALFAJORES JORGITO SA,,1
ADRI NAILS,,1
A SUÁREZ CIPOLLETTI,,1
ABARKAR,,1
ABEL ALONSO HASS,,1
ABEL HASS,,1
A SUAREZ CIPOLLETTI,,1
A SUAREZ BARILOCHE,,1
A SUÁREZ BARILOCHE,,1
ANA ROBLES,,1
CECILIA VERÓNICA SOSA,,1
CAMPO BIOLOGICO SAS,,1
BLANCA MARIANO,,1
CERES DEMETER SA,,1
DE LUCA,,1
DC SERVICIOS GENERALES SRL,,1
DAVID BULACIO ANTAPHARMA,,1
DAVID BOULASCIO,,1
CLINICA OESTE,,1
CLÍNICA INDEPENDENCIA,,1
COALIX SA,,1
CRIOCENTER,,1
CIUDAD HOSPITALARIA,,1
CINTIA MORÓN,,1
CINTEFICA PARQUE CENTENARIO SRL,,1
ALEJANDRA GENDARMERIA,,1
FACUNDO CEBALLOS,,1
ERNESTO VAN ROSSUM Y CIA SRL,,1
F1593,,1
F1583,,1
HONNEY,,1
GUSTAVO PALAZZOLO,,1
GUILLERMO,,1
GABY VELEZ SÁFIELD,,1
GALÁN SABRINA ANDREA,,1
GALAN SABRINA ANDREA,Cuit. 27304037976,1
GELI&CO SAICA,,1
GENESIS,,1
FERNANDO GODIRIO,,1
FEDERACIÓN ODONTOLÓGCA BS AS,,1
FARMAGRAM,,1
FEDERACIÓN OD BS AS,,1
ELIANA GUARDIA,,1
DISTRIBUIDORA PATAGÓNICA,,1
EDUARDO DELUCA,,1
DON ERCOLE SA  -  RÍO IV,,1
MARTIN M Y M,,1
MARIANA MAZZA,,1
MAGDALENAS,,1
LORAINE,,1
LORRAINE,,1
LPC,,1
LUCANI,,1
LUNDBECK,,1
LAS MAGDALENAS,,1
LAURA,,1
INS ARG S. A.,,1
INAPYR SRL,,1
IMPLAN SUR,,1
JOHANNA  BRENDA PÉREZ,,1
LA NUEVA SAN FRANCISCO,,1
JOSEFINA MASSOLA,,1
HONNEYMAX SA,,1
IVÁN FERNANDO BIELER,20-23837419-8,1
INST DE TERAPIA RADIANTE SAN NICOLAS,,1
NICOLE ROSARIO,,1
OC 1373,,1
NICOLE VILLALBA ROSARIO,,1
NICOLE VILLALBA,,1
MARÍA INES CERETTI 2098 SRL,,1
MYM INSUMOS ODONTOLÓGICOS,,1
MYM LA PLATA,,1
MYM ODONTOLÓGICOS LA PLATA,,1
MILLANEL COSMETICA SRL,,1
MILLER,,1
MIRTA ROSSINI,,1
MORA LANGER,,1
MTG GROUP,,1
QUIMICA FÉNIX,,1
PO 4500546039,,1
PETROPLASTIC SA,,1
PO 4500546038,,1
PETROPLASTIC,,1
PAOLA CARO SERVENTI TANDIL,,1
PAO PERGAMINO,,1
PAO TANDIL,,1
ORTOPEDIA ESCOBAR,,1
PABLO CE,CUIT 20293058564,1
PANALAB,,1
NATALIA RAMIREZ,,1
RUTIDEN CIOLLETTI,,1
RUTIDEN BARILOCHE,,1
RIZOBACTER ARGENTINA SA,,1
ROMI,,1
SERGIO JOFRE SAN JUAN,,1
SEBASTIAN FLEISCHER EL TALAR PARANÁ,,1
SANATORIO OESTE,,1
SALUD PRIVADAS S.R.L,JORGE CATTALIN,1
SOUBEIRAN CHOBET,,1
SIGNUM SEPIF,30715164473,1
SOL,,1
SOFÍA ACOSTA,,1
TERAPIA RADIANTE SAN NICOLAS,,1
TECNOIMPLANTES SA,,1
SUSY`S NAILS STORE,,1
TERAPIA RDIANTE SAN NICOLAS,,1
TERAPIA RADIANTE SAN NICOLÁS,,1
TRAUMATHOS. S.A,,1
VALU HURLINGHAM,,1
VERÓNICA QUINTERO,,1
