﻿nombre_original,nombre_final,alias,cuit,frecuencia,estado
Surgizime O3 botella x 1 Lt,Surgizime O3 botella x 1 Lt,,,16,PENDIENTE
Cofias,Cofias,201,,13,IMPORTAR
Guante nitrilo caja por 100 Un Talle L,Guante nitrilo caja por 100 Un Talle L,,,12,PENDIENTE
Surgibac PA Plus bidon x 5 Lts,Surgibac PA Plus bidon x 5 Lts,,,11,PENDIENTE
Guante veterinario bolsa por 100,Guante veterinario bolsa por 100,,,11,PENDIENTE
Guante nitrilo caja por 100 Un Talle M,Guante nitrilo caja por 100 Un Talle M,,,9,PENDIENTE
Surgizime E2 botella x 1 Lt,Surgizime E2 botella x 1 Lt,,,9,PENDIENTE
Surgibac PA PLUS botella x 1 Lt,Surgibac PA PLUS botella x 1 Lt,,,8,PENDIENTE
Envío,Envío,,,8,PENDIENTE
Pack rollo 6 x 200,Pack rollo 6 x 200,,,7,PENDIENTE
Surgizime O3 botella 1 litro,Surgizime O3 botella 1 litro,,,7,PENDIENTE
Surgizime E2 bidón x 5 lts,Surgizime E2 bidón x 5 lts,,,6,PENDIENTE
Surgizime E2 bidon x 5 Lts,Surgizime E2 bidon x 5 Lts,,,5,PENDIENTE
Pack 6*200,Pack 6*200,,,5,PENDIENTE
Pack Toallas 6*200,Pack Toallas 6*200,,,5,PENDIENTE
Toallas 6*200,Toallas 6*200,,,5,PENDIENTE
Surgibac PA,Surgibac PA,,,5,PENDIENTE
Surgizime O3 bidón x 5 Lts,Surgizime O3 bidón x 5 Lts,,,5,PENDIENTE
Surgizime O3 bidón por 5 litros,Surgizime O3 bidón por 5 litros,,,5,PENDIENTE
Surgizime O3 bidón 5 litros,Surgizime O3 bidón 5 litros,,,5,PENDIENTE
Guante nitrilo L caja por 100,Guante nitrilo L caja por 100,,,4,PENDIENTE
Surgizime E2 x 1 litro,Surgizime E2 x 1 litro,,,4,PENDIENTE
Surgizime L5 x 5 Lts,Surgizime L5 x 5 Lts,,,4,PENDIENTE
Surgizime O3 x 1 litro,Surgizime O3 x 1 litro,,,4,PENDIENTE
Surgibac PA Plus bidón x 5 Lts,Surgibac PA Plus bidón x 5 Lts,,,4,PENDIENTE
SURGIBAC G,SURGIBAC G,,,4,PENDIENTE
Guantes veterinario por 100,Guantes veterinario por 100,,,4,PENDIENTE
Surginac PA Plus bidón x 5 Lts,Surginac PA Plus bidón x 5 Lts,,,4,PENDIENTE
Jabón BAC 500 cc,Jabón BAC 500 cc,,,4,PENDIENTE
Pack cocina,Pack cocina,,,4,PENDIENTE
Guantes nitrilo L por 100,Guantes nitrilo L por 100,,,4,PENDIENTE
Caja toallas Super cortas,Caja toallas Super cortas,,,3,PENDIENTE
Surgizime E2 x 5 Lts,Surgizime E2 x 5 Lts,,,3,PENDIENTE
Surgizime O3 1 litro,Surgizime O3 1 litro,,,3,PENDIENTE
Surgizime E2 bidón 5 litros,Surgizime E2 bidón 5 litros,,,3,PENDIENTE
Surgibac G bidón 5 litros,Surgibac G bidón 5 litros,,,3,PENDIENTE
Guante veterinario bolsa por 100 un,Guante veterinario bolsa por 100 un,,,3,PENDIENTE
Toallas Supre Corta,Toallas Supre Corta,,,3,PENDIENTE
Cofias descartables,Cofias descartables,,,3,PENDIENTE
Surgizime L5 bidón x 5 Lts,Surgizime L5 bidón x 5 Lts,,,3,PENDIENTE
Bac 500,Bac 500,,,3,PENDIENTE
Suribac PA 1 litro,Suribac PA 1 litro,,,3,PENDIENTE
Pack 122,Pack 122,,,3,PENDIENTE
"Toallas Super 2,500","Toallas Super 2,500",,,3,PENDIENTE
Surgibac PA bidón 5 litros,Surgibac PA bidón 5 litros,,,3,PENDIENTE
Toalla 6*200,Toalla 6*200,,,3,PENDIENTE
Toallas super caja 10 pack x 250 Un,Toallas super caja 10 pack x 250 Un,,,3,PENDIENTE
Barbijos con elástico,Barbijos con elástico,,,3,PENDIENTE
Guantes Veterinarios Polietileno bolsa por 100,Guantes Veterinarios Polietileno bolsa por 100,,,3,PENDIENTE
Pack papel higiénico x 18 rollos,Pack papel higiénico x 18 rollos,,,3,PENDIENTE
Surgibac PA 5 litros,Surgibac PA 5 litros,,,3,PENDIENTE
Surgibac G botella x 1 Lt,Surgibac G botella x 1 Lt,,,3,PENDIENTE
Foam,Foam,,,3,PENDIENTE
ENTREGADO,ENTREGADO,,,3,PENDIENTE
Surgibac PA botella 1 litro,Surgibac PA botella 1 litro,,,3,PENDIENTE
Surgizime E2,Surgizime E2,,,2,PENDIENTE
Surgizime L5 x 5,Surgizime L5 x 5,,,2,PENDIENTE
Barbijos rectos con tiras,Barbijos rectos con tiras,,,2,PENDIENTE
"Toallas Super Cortas caja or 2,500","Toallas Super Cortas caja or 2,500",,,2,PENDIENTE
Surgizime O3 botella por 1 litro,Surgizime O3 botella por 1 litro,,,2,PENDIENTE
Caimlleros pack por 2 rollos,Caimlleros pack por 2 rollos,,,2,PENDIENTE
Surgizime L5 bidón 5 litros,Surgizime L5 bidón 5 litros,,,2,PENDIENTE
Surgizime L5 bidón por 5 litros,Surgizime L5 bidón por 5 litros,,,2,PENDIENTE
Surgizime L5 botella x 1 Lt,Surgizime L5 botella x 1 Lt,,,2,PENDIENTE
Surgizime E2 x 1 Lt,Surgizime E2 x 1 Lt,,,2,PENDIENTE
Surgizime L5 bidon x 5 Lts,Surgizime L5 bidon x 5 Lts,,,2,PENDIENTE
Surgizime O3 x 1 Lt,Surgizime O3 x 1 Lt,,,2,PENDIENTE
Surgizime O3 x 5 litros,Surgizime O3 x 5 litros,,,2,PENDIENTE
Surgizime O3 x 5 Lts,Surgizime O3 x 5 Lts,,,2,PENDIENTE
Surgizime O3 bidón 5 L,Surgizime O3 bidón 5 L,,,2,PENDIENTE
Surgizime O3 bidon x 5 Lts,Surgizime O3 bidon x 5 Lts,,,2,PENDIENTE
Cubrecalzados,Cubrecalzados,,,2,PENDIENTE
Entrega,Entrega,,,2,PENDIENTE
Surgizime E2 bidón por 5 litros,Surgizime E2 bidón por 5 litros,,,2,PENDIENTE
Surgizime E2 1 litro,Surgizime E2 1 litro,,,2,PENDIENTE
Surgizime E2 bidón 5 L,Surgizime E2 bidón 5 L,,,2,PENDIENTE
Surgibac G 5 litros,Surgibac G 5 litros,,,2,PENDIENTE
Surgibac PA bidón por 5 litros,Surgibac PA bidón por 5 litros,,,2,PENDIENTE
Guantes nitrilo L caja por 100,Guantes nitrilo L caja por 100,,,2,PENDIENTE
Guante nitrilo L,Guante nitrilo L,,,2,PENDIENTE
Guante Clasic Nro 8,Guante Clasic Nro 8,,,2,PENDIENTE
Guante Clasic Nro 7,Guante Clasic Nro 7,,,2,PENDIENTE
Surginac PA bidón x 5 Lts,Surginac PA bidón x 5 Lts,,,2,PENDIENTE
Guantes nitrilo M caja por 100,Guantes nitrilo M caja por 100,,,2,PENDIENTE
Surgibac G por 5 litros,Surgibac G por 5 litros,,,2,PENDIENTE
Surgibac G por 1 litro,Surgibac G por 1 litro,,,2,PENDIENTE
Surgibac PA  x 1 litro,Surgibac PA  x 1 litro,,,2,PENDIENTE
Pack Bobina INdustrial,Pack Bobina INdustrial,,,2,PENDIENTE
Jabón Bac 500,Jabón Bac 500,,,2,PENDIENTE
Jabón Bac 5 litros,Jabón Bac 5 litros,,,2,PENDIENTE
Jabon Neutro Hand bidon x 5 Lts,Jabon Neutro Hand bidon x 5 Lts,,,2,PENDIENTE
Higiénico 122,Higiénico 122,,,2,PENDIENTE
Papel higiénico 122 pack,Papel higiénico 122 pack,,,2,PENDIENTE
Paño Liquid Sound  * 50,Paño Liquid Sound  * 50,,,2,PENDIENTE
Pack Camilleros,Pack Camilleros,,,2,PENDIENTE
Liquid Sound Bac  bidón 5 litros,Liquid Sound Bac  bidón 5 litros,,,2,PENDIENTE
30-52744428-0,30-52744428-0,,,2,PENDIENTE
Bac 5 litros,Bac 5 litros,,,2,PENDIENTE
Nitrilo L,Nitrilo L,,,2,PENDIENTE
Nitrilo M,Nitrilo M,,,2,PENDIENTE
Liquid Sound Bac 500 cc,Liquid Sound Bac 500 cc,,,2,PENDIENTE
Surgizime trienzimatico O3 bidon x 5 Lts,Surgizime trienzimatico O3 bidon x 5 Lts,,,2,PENDIENTE
Toallas intercaladas,Toallas intercaladas,,,2,PENDIENTE
Toallas Super caja por 2500,Toallas Super caja por 2500,,,2,PENDIENTE
Toalla Super corta,Toalla Super corta,,,1,PENDIENTE
Toalla Super caja,Toalla Super caja,,,1,PENDIENTE
Toalla Super Blanca 21*25,Toalla Super Blanca 21*25,,,1,PENDIENTE
Surogizime L5 por 5 litros,Surogizime L5 por 5 litros,,,1,PENDIENTE
surigizme l5,surigizme l5,,,1,PENDIENTE
Surgizzime O3 bidón 5 litros,Surgizzime O3 bidón 5 litros,,,1,PENDIENTE
Surgizzime L5 bidón 5 litros,Surgizzime L5 bidón 5 litros,,,1,PENDIENTE
Surgizime trienzimatico O3 botella  x 1 litro,Surgizime trienzimatico O3 botella  x 1 litro,,,1,PENDIENTE
Barbijos Rectos c/elástico,Barbijos Rectos c/elástico,,,1,PENDIENTE
Barbijo con elástico,Barbijo con elástico,,,1,PENDIENTE
Bac 500 cc,Bac 500 cc,,,1,PENDIENTE
bac 5 lts,bac 5 lts,,,1,PENDIENTE
Alcohol en gel bidón por 5 Lts,Alcohol en gel bidón por 5 Lts,,,1,PENDIENTE
Alcohol en gel,Alcohol en gel,,,1,PENDIENTE
Alcohol 70% bidón por 5 Lts,Alcohol 70% bidón por 5 Lts,,,1,IGNORAR
Alcohol 70% bidon x 5 Lts,Alcohol 70% bidon x 5 Lts,,,1,PENDIENTE
Alcohol 70 ° bidón x 5 Lts,Alcohol 70 ° bidón x 5 Lts,,,1,IGNORAR
Alcohol 70 ° bidón por 5litros,Alcohol 70 ° bidón por 5 litros,,,1,IMPORTAR
Alcohol 70,Alcohol 70,,,1,IGNORAR
Acohol 70 % bidon x 5 Lts,Acohol 70 % bidon x 5 Lts,,,1,PENDIENTE
Nitrilo S,Nitrilo S,,,1,PENDIENTE
LiquidSound Hand,LiquidSound Hand,,,1,PENDIENTE
Liquid Sound Bac 5 litros,Liquid Sound Bac 5 litros,,,1,PENDIENTE
Jabón para manos Neutro sin aroma ni color,Jabón para manos Neutro sin aroma ni color,,,1,PENDIENTE
Jabón para manos Bactericida sin aroma ni color,Jabón para manos Bactericida sin aroma ni color,,,1,PENDIENTE
Jabón Neutro Hand bidon 5 Lts,Jabón Neutro Hand bidon 5 Lts,,,1,PENDIENTE
Jabón Hand bidón por 5 litros,Jabón Hand bidón por 5 litros,,,1,PENDIENTE
Jabón Bactericida botella x 500 ML,Jabón Bactericida botella x 500 ML,,,1,PENDIENTE
Jabón bactericida BAC bidón x 5 Lts,Jabón bactericida BAC bidón x 5 Lts,,,1,PENDIENTE
Jabón Bactericida 5 litros,Jabón Bactericida 5 litros,,,1,PENDIENTE
Jabón Bac x 500 cc,Jabón Bac x 500 cc,,,1,PENDIENTE
Jabón BAC x 5 litros,Jabón BAC x 5 litros,,,1,PENDIENTE
Jabón BAC bidón x 5 Lts,Jabón BAC bidón x 5 Lts,,,1,PENDIENTE
Jabón Baac 5 litros,Jabón Baac 5 litros,,,1,PENDIENTE
Jabon Liquid Sound Bac 500 cc,Jabon Liquid Sound Bac 500 cc,,,1,PENDIENTE
Jabon Bac bidón x 5 Lts,Jabon Bac bidón x 5 Lts,,,1,PENDIENTE
Jabon BAC bidón 5 litros,Jabon BAC bidón 5 litros,,,1,PENDIENTE
Jabon Bac 500 cc,Jabon Bac 500 cc,,,1,PENDIENTE
Jabon Bac 500,Jabon Bac 500,,,1,PENDIENTE
Guardapolvos descartables color azul,Guardapolvos descartables color azul,,,1,PENDIENTE
Guantes veterinarios caja x 100 Un,Guantes veterinarios caja x 100 Un,,,1,PENDIENTE
Guantes veterinarios bolsa x 100 un,Guantes veterinarios bolsa x 100 un,,,1,PENDIENTE
Papel 6 x 200,Papel 6 x 200,,,1,PENDIENTE
Pack Papel Higienico 122,Pack Papel Higienico 122,,,1,PENDIENTE
Pack higiénico 122,Pack higiénico 122,,,1,PENDIENTE
Pack de cocina x 6 rollos,Pack de cocina x 6 rollos,,,1,PENDIENTE
Pack camilleros x 2 rollos,Pack camilleros x 2 rollos,,,1,PENDIENTE
Pack Bobina Industrial x 2 u,Pack Bobina Industrial x 2 u,,,1,PENDIENTE
Pack bobina * 2,Pack bobina * 2,,,1,PENDIENTE
pa 5 lts,pa 5 lts,,,1,PENDIENTE
Resma kraft 60x60 x 20kg M/Kims,Resma kraft 60x60 x 20kg M/Kims,,,1,PENDIENTE
Paños Celsoft bolsa por 500,Paños Celsoft bolsa por 500,,,1,PENDIENTE
Paños bolsa por 50,Paños bolsa por 50,,,1,PENDIENTE
Paño 30*30 1/4 por 500,Paño 30*30 1/4 por 500,,,1,PENDIENTE
Paquetes toallas 6*200,Paquetes toallas 6*200,,,1,PENDIENTE
Paquetes toallas 6 x 200,Paquetes toallas 6 x 200,,,1,PENDIENTE
Papelhigiénico 122,Papelhigiénico 122,,,1,PENDIENTE
Papel Toalla 6 x 3200,Papel Toalla 6 x 3200,,,1,PENDIENTE
Papel Kraft 600*600 mm resma 20 kg,Papel Kraft 600*600 mm resma 20 kg,,,1,PENDIENTE
Papel higiénico blanco puro 122 mts Pack por 18 unid,Papel higiénico blanco puro 122 mts Pack por 18 unid,,,1,PENDIENTE
Papel higiénico 122,Papel higiénico 122,,,1,PENDIENTE
Papel higiénico * 18,Papel higiénico * 18,,,1,PENDIENTE
PAPEL HIGIÉNICO,PAPEL HIGIÉNICO,,,1,PENDIENTE
Papel hig 122,Papel hig 122,,,1,PENDIENTE
Surgibac G bidon x 5 Lts,Surgibac G bidon x 5 Lts,,,1,PENDIENTE
Surgibac G bidon por 5 litros,Surgibac G bidon por 5 litros,,,1,PENDIENTE
Surgibac G bidon 5 x Lts,Surgibac G bidon 5 x Lts,,,1,PENDIENTE
Surgiba PA bidón 5 L,Surgiba PA bidón 5 L,,,1,PENDIENTE
Surgba PA X 5 Lts,Surgba PA X 5 Lts,,,1,PENDIENTE
Srgizime O3botella 1 litro,Srgizime O3botella 1 litro,,,1,PENDIENTE
Srgizime O3 bidón x 5 Lts,Srgizime O3 bidón x 5 Lts,,,1,PENDIENTE
Srgizime O3 bidón por 5 litros,Srgizime O3 bidón por 5 litros,,,1,PENDIENTE
Soft clean caja por 500,Soft clean caja por 500,,,1,PENDIENTE
Sirgizime O3 bidon x 5 Lts,Sirgizime O3 bidon x 5 Lts,,,1,PENDIENTE
Servicio entrega,Servicio entrega,,,1,PENDIENTE
ROLLOS TOALLA 6*200,ROLLOS TOALLA 6*200,,,1,PENDIENTE
Rollos 6*200,Rollos 6*200,,,1,PENDIENTE
Guantes veterinarios bolsa por 100 un,Guantes veterinarios bolsa por 100 un,,,1,PENDIENTE
Guantes rojos para ácido,Guantes rojos para ácido,,,1,PENDIENTE
Guantes polietileno veterinarios bolsa x 100 Un,Guantes polietileno veterinarios bolsa x 100 Un,,,1,PENDIENTE
Guantes polietileno caja x 100 un,Guantes polietileno caja x 100 un,,,1,PENDIENTE
Guantes polientileno bolsa x 2 un,Guantes polientileno bolsa x 2 un,,,1,PENDIENTE
Guantes Ntrilo L caja por 100,Guantes Ntrilo L caja por 100,,,1,PENDIENTE
Guantes nitrilo x 100 un,Guantes nitrilo x 100 un,,,1,PENDIENTE
Guantes nitrilo negro S x100,Guantes nitrilo negro S x100,,,1,PENDIENTE
Guantes nitrilo L x 100 un,Guantes nitrilo L x 100 un,,,1,PENDIENTE
Guantes moteados,Guantes moteados,,,1,PENDIENTE
Guantes Látex caja por 100 L,Guantes Látex caja por 100 L,,,1,PENDIENTE
Guantes Latex S,Guantes Latex S,,,1,PENDIENTE
Surgibac PA botella,Surgibac PA botella,,,1,PENDIENTE
Surgibac PA Bidón x 5 Lts,Surgibac PA Bidón x 5 Lts,,,1,PENDIENTE
Surgibac PA 1 litro,Surgibac PA 1 litro,,,1,PENDIENTE
Surgibac PA  Plus botella x 1 Lt,Surgibac PA  Plus botella x 1 Lt,,,1,PENDIENTE
Surgibac O3 bidón 5 litros,Surgibac O3 bidón 5 litros,,,1,PENDIENTE
Surgibac G x 1 litro,Surgibac G x 1 litro,,,1,PENDIENTE
Surgibac G Bidón x 5 Lts,Surgibac G Bidón x 5 Lts,,,1,PENDIENTE
Surgibac G bidón x 5 litros,Surgibac G bidón x 5 litros,,,1,PENDIENTE
Guantes Latex M,Guantes Latex M,,,1,PENDIENTE
Guante Veterinario Polietileno bolsa por 100,Guante Veterinario Polietileno bolsa por 100,,,1,PENDIENTE
Guante Veterinario,Guante Veterinario,,,1,PENDIENTE
Guante nitrilo XL caja por 100,Guante nitrilo XL caja por 100,,,1,PENDIENTE
Guante nitrilo NP negro caja por 100 UN,Guante nitrilo NP negro caja por 100 UN,,,1,PENDIENTE
Guante nitrilo NP negro caja por 100 L,Guante nitrilo NP negro caja por 100 L,,,1,PENDIENTE
Guante nitrilo caja por 100 Un Talle XL,Guante nitrilo caja por 100 Un Talle XL,,,1,PENDIENTE
Guante nitrilo caja por 100,Guante nitrilo caja por 100,,,1,PENDIENTE
Guante Nitrilo aja 100 XL,Guante Nitrilo aja 100 XL,,,1,PENDIENTE
Guante nitril M caja por 100,Guante nitril M caja por 100,,,1,PENDIENTE
Surgizime 03 bidón por 5,Surgizime 03 bidón por 5,,,1,PENDIENTE
Surginac PA bidón por 5 litros,Surginac PA bidón por 5 litros,,,1,PENDIENTE
Surgibac PAbidón 5 litros,Surgibac PAbidón 5 litros,,,1,PENDIENTE
Surgibac PA x 1 Lts,Surgibac PA x 1 Lts,,,1,PENDIENTE
"Surgibac PA Plus, bidon x 5 Lts","Surgibac PA Plus, bidon x 5 Lts",,,1,PENDIENTE
Surgibac PA Plus x 1 Lt,Surgibac PA Plus x 1 Lt,,,1,PENDIENTE
Surgibac PA Plus botella x 1 litro,Surgibac PA Plus botella x 1 litro,,,1,PENDIENTE
Surgibac PA Plus 1 litro,Surgibac PA Plus 1 litro,,,1,PENDIENTE
Surgibac PA botella x 1 Lt,Surgibac PA botella x 1 Lt,,,1,PENDIENTE
Surgibac PA botella por 1 litro,Surgibac PA botella por 1 litro,,,1,PENDIENTE
Gorros verdugos,Gorros verdugos,,,1,PENDIENTE
Espuma Foam,Espuma Foam,,,1,PENDIENTE
Envío Murature 5013,Envío Murature 5013,,,1,PENDIENTE
Electrodos3M Cod 2228 Cajapor 50,Electrodos3M Cod 2228 Cajapor 50,,,1,PENDIENTE
Dto 5%,Dto 5%,,,1,PENDIENTE
Divosan Active bidón,Divosan Active bidón,,,1,PENDIENTE
Dispenser toalla intercalada,Dispenser toalla intercalada,,,1,PENDIENTE
Dispenser jabón liquido,Dispenser jabón liquido,,,1,PENDIENTE
Dispenser de Papel higiénico,Dispenser de Papel higiénico,,,1,PENDIENTE
Dispenser de jabón líquido,Dispenser de jabón líquido,,,1,PENDIENTE
Surgizime E2 botella x 1 litro,Surgizime E2 botella x 1 litro,,,1,PENDIENTE
Surgizime E2 botella por 1 Lt,Surgizime E2 botella por 1 Lt,,,1,PENDIENTE
Surgizime E2 botella por 1 litro,Surgizime E2 botella por 1 litro,,,1,PENDIENTE
Surgizime E2 botella 1 lt,Surgizime E2 botella 1 lt,,,1,PENDIENTE
Surgizime E2 bidón 5,Surgizime E2 bidón 5,,,1,PENDIENTE
Surgizime E2 bidón,Surgizime E2 bidón,,,1,PENDIENTE
Surgizime E por 5 litros,Surgizime E por 5 litros,,,1,PENDIENTE
Surgizime botella 1,Surgizime botella 1,,,1,PENDIENTE
Surgizime 03 botella x 1 Lt,Surgizime 03 botella x 1 Lt,,,1,PENDIENTE
Surgizime L5 por 1 litro,Surgizime L5 por 1 litro,,,1,PENDIENTE
Surgizime L5 bidón 5 1 litros,Surgizime L5 bidón 5 1 litros,,,1,PENDIENTE
Surgizime L5 bidón 5,Surgizime L5 bidón 5,,,1,PENDIENTE
Surgizime L5 bidón,Surgizime L5 bidón,,,1,PENDIENTE
Surgizime L5 bidon x 5 Lts 25 Lts,Surgizime L5 bidon x 5 Lts 25 Lts,,,1,PENDIENTE
Surgizime L5 bidon x 5 Lt,Surgizime L5 bidon x 5 Lt,,,1,PENDIENTE
Surgizime E2 x 1 Lts,Surgizime E2 x 1 Lts,,,1,PENDIENTE
Dispenser de jabón,Dispenser de jabón,,,1,PENDIENTE
Detergente enzimástico 03 bidón 5 litros,Detergente enzimástico 03 bidón 5 litros,,,1,PENDIENTE
CUIT,CUIT,,,1,PENDIENTE
Cubrezapatos par,Cubrezapatos par,,,1,PENDIENTE
Cubrezapatos,Cubrezapatos,,,1,PENDIENTE
CUBRE CALZADO DESCARTABLE,CUBRE CALZADO DESCARTABLE,,,1,PENDIENTE
Cofias tela fina descartable,Cofias tela fina descartable,,,1,PENDIENTE
Cofias tela descartables,Cofias tela descartables,,,1,PENDIENTE
COFIA PLISADA DESCARTABLE,COFIA PLISADA DESCARTABLE,,,1,PENDIENTE
Cofia Descartable,Cofia Descartable,,,1,PENDIENTE
Cofia,Cofia,,,1,PENDIENTE
Celsoft Folder 1/4 500,Celsoft Folder 1/4 500,,,1,PENDIENTE
Camisolines descartables,Camisolines descartables,,,1,PENDIENTE
Surgizime O3 bidón po 5 litros,Surgizime O3 bidón po 5 litros,,,1,PENDIENTE
Surgizime O3 bidón de 5 litros,Surgizime O3 bidón de 5 litros,,,1,PENDIENTE
Surgizime O3 bidón 5,Surgizime O3 bidón 5,,,1,PENDIENTE
Surgizime O3 bidón 1 litro,Surgizime O3 bidón 1 litro,,,1,PENDIENTE
Surgizime O3 bidon x 5 litros,Surgizime O3 bidon x 5 litros,,,1,PENDIENTE
Surgizime O3  x 1 litro,Surgizime O3  x 1 litro,,,1,PENDIENTE
Surgizime O3,Surgizime O3,,,1,PENDIENTE
Surgizime L5 x 1 litro,Surgizime L5 x 1 litro,,,1,PENDIENTE
Surgizime L5 por 5 litros,Surgizime L5 por 5 litros,,,1,PENDIENTE
Surgizime trienzimatico O3 bidon x 1 litro,Surgizime trienzimatico O3 bidon x 1 litro,,,1,PENDIENTE
Surgizime O· bidón por 5 litros,Surgizime O· bidón por 5 litros,,,1,PENDIENTE
Surgizime O3 x 1 Lts,Surgizime O3 x 1 Lts,,,1,PENDIENTE
Surgizime O3 por 1 litro,Surgizime O3 por 1 litro,,,1,PENDIENTE
Surgizime O3 botella x 1 litro,Surgizime O3 botella x 1 litro,,,1,PENDIENTE
Surgizime O3 botella  x1 Lt,Surgizime O3 botella  x1 Lt,,,1,PENDIENTE
Surgizime O3 botella  x 1 Lt,Surgizime O3 botella  x 1 Lt,,,1,PENDIENTE
Surgizime O3 botella,Surgizime O3 botella,,,1,PENDIENTE
Camisolines,Camisolines,,,1,PENDIENTE
Camilleros,Camilleros,,,1,PENDIENTE
Calibración ECG,Calibración ECG,,,1,PENDIENTE
Cajas toallas Super cortas,Cajas toallas Super cortas,,,1,PENDIENTE
Caja toallas beige cortas *2500,Caja toallas beige cortas *2500,,,1,PENDIENTE
Caja toalla Super Corta,Caja toalla Super Corta,,,1,PENDIENTE
Caja guantes veterinario por 100,Caja guantes veterinario por 100,,,1,PENDIENTE
Caja Celsot paños celestes,Caja Celsot paños celestes,,,1,PENDIENTE
Caimlleros pack por 2,Caimlleros pack por 2,,,1,PENDIENTE
Bolsas de polietileno cristal de 45x60 cm 100 micrones,Bolsas de polietileno cristal de 45x60 cm 100 micrones,,,1,PENDIENTE
Bolsa conteniendo 7 bolsas de 170 x 300 mm,Bolsa conteniendo 7 bolsas de 170 x 300 mm,,,1,PENDIENTE
Boinas 360,Boinas 360,,,1,PENDIENTE
Bobina 2*300 pack por 2,Bobina 2*300 pack por 2,,,1,PENDIENTE
|Bidón JD-TF 30 21 kg Diversey,|Bidón JD-TF 30 21 kg Diversey,,,1,PENDIENTE
|Bidón 2180 Diversey,|Bidón 2180 Diversey,,,1,PENDIENTE
Zapato Seguridad T43,Zapato Seguridad T43,,,1,PENDIENTE
Zapato Seguridad T42,Zapato Seguridad T42,,,1,PENDIENTE
Zapato Seguridad T41,Zapato Seguridad T41,,,1,PENDIENTE
Zapato Seguridad T40,Zapato Seguridad T40,,,1,PENDIENTE
Zapato Seguridad T39,Zapato Seguridad T39,,,1,PENDIENTE
Zapato Seguridad T38,Zapato Seguridad T38,,,1,PENDIENTE
Zapato Seguridad T36,Zapato Seguridad T36,,,1,PENDIENTE
Zapato Seguridad T35,Zapato Seguridad T35,,,1,PENDIENTE
ZAPATO DE SEGURIDAD TALLE 48,ZAPATO DE SEGURIDAD TALLE 48,,,1,PENDIENTE
Tollas 6x200,Tollas 6x200,,,1,PENDIENTE
Toallas Supr corta,Toallas Supr corta,,,1,PENDIENTE
Toallas Super Cortas,Toallas Super Cortas,,,1,PENDIENTE
