﻿nombre,frecuencia
Surgizime O3 botella x 1 Lt,16
Cofias,13
Guante nitrilo caja por 100 Un Talle L,12
Surgibac PA Plus bidon x 5 Lts,11
Guante veterinario bolsa por 100,11
Guante nitrilo caja por 100 Un Talle M,9
Surgizime E2 botella x 1 Lt,9
Surgibac PA PLUS botella x 1 Lt,8
Envío,8
Pack rollo 6 x 200,7
Surgizime O3 botella 1 litro,7
Surgizime E2 bidón x 5 lts,6
Surgizime E2 bidon x 5 Lts,5
Pack 6*200,5
Pack Toallas 6*200,5
Toallas 6*200,5
Surgibac PA,5
Surgizime O3 bidón x 5 Lts,5
Surgizime O3 bidón por 5 litros,5
Surgizime O3 bidón 5 litros,5
Guante nitrilo L caja por 100,4
Surgizime E2 x 1 litro,4
Surgizime L5 x 5 Lts,4
Surgizime O3 x 1 litro,4
Surgibac PA Plus bidón x 5 Lts,4
SURGIBAC G,4
Guantes veterinario por 100,4
Surginac PA Plus bidón x 5 Lts,4
Jabón BAC 500 cc,4
Pack cocina,4
Guantes nitrilo L por 100,4
Caja toallas Super cortas,3
Surgizime E2 x 5 Lts,3
Surgizime O3 1 litro,3
Surgizime E2 bidón 5 litros,3
Surgibac G bidón 5 litros,3
Guante veterinario bolsa por 100 un,3
Toallas Supre Corta,3
Cofias descartables,3
Surgizime L5 bidón x 5 Lts,3
Bac 500,3
Suribac PA 1 litro,3
Pack 122,3
"Toallas Super 2,500",3
Surgibac PA bidón 5 litros,3
Toalla 6*200,3
Toallas super caja 10 pack x 250 Un,3
Barbijos con elástico,3
Guantes Veterinarios Polietileno bolsa por 100,3
Pack papel higiénico x 18 rollos,3
Surgibac PA 5 litros,3
Surgibac G botella x 1 Lt,3
Foam,3
ENTREGADO,3
Surgibac PA botella 1 litro,3
Surgizime E2,2
Surgizime L5 x 5,2
Barbijos rectos con tiras,2
"Toallas Super Cortas caja or 2,500",2
Surgizime O3 botella por 1 litro,2
Caimlleros pack por 2 rollos,2
Surgizime L5 bidón 5 litros,2
Surgizime L5 bidón por 5 litros,2
Surgizime L5 botella x 1 Lt,2
Surgizime E2 x 1 Lt,2
Surgizime L5 bidon x 5 Lts,2
Surgizime O3 x 1 Lt,2
Surgizime O3 x 5 litros,2
Surgizime O3 x 5 Lts,2
Surgizime O3 bidón 5 L,2
Surgizime O3 bidon x 5 Lts,2
Cubrecalzados,2
Entrega,2
Surgizime E2 bidón por 5 litros,2
Surgizime E2 1 litro,2
Surgizime E2 bidón 5 L,2
Surgibac G 5 litros,2
Surgibac PA bidón por 5 litros,2
Guantes nitrilo L caja por 100,2
Guante nitrilo L,2
Guante Clasic Nro 8,2
Guante Clasic Nro 7,2
Surginac PA bidón x 5 Lts,2
Guantes nitrilo M caja por 100,2
Surgibac G por 5 litros,2
Surgibac G por 1 litro,2
Surgibac PA  x 1 litro,2
Pack Bobina INdustrial,2
Jabón Bac 500,2
Jabón Bac 5 litros,2
Jabon Neutro Hand bidon x 5 Lts,2
Higiénico 122,2
Papel higiénico 122 pack,2
Paño Liquid Sound  * 50,2
Pack Camilleros,2
Liquid Sound Bac  bidón 5 litros,2
30-52744428-0,2
Bac 5 litros,2
Nitrilo L,2
Nitrilo M,2
Liquid Sound Bac 500 cc,2
Surgizime trienzimatico O3 bidon x 5 Lts,2
Toallas intercaladas,2
Toallas Super caja por 2500,2
Toalla Super corta,1
Toalla Super caja,1
Toalla Super Blanca 21*25,1
Surogizime L5 por 5 litros,1
surigizme l5,1
Surgizzime O3 bidón 5 litros,1
Surgizzime L5 bidón 5 litros,1
Surgizime trienzimatico O3 botella  x 1 litro,1
Barbijos Rectos c/elástico,1
Barbijo con elástico,1
Bac 500 cc,1
bac 5 lts,1
Alcohol en gel bidón por 5 Lts,1
Alcohol en gel,1
Alcohol 70% bidón por 5 Lts,1
Alcohol 70% bidon x 5 Lts,1
Alcohol 70 ° bidón x 5 Lts,1
Alcohol 70 ° bidón por 5litros,1
Alcohol 70,1
Acohol 70 % bidon x 5 Lts,1
Nitrilo S,1
LiquidSound Hand,1
Liquid Sound Bac 5 litros,1
Jabón para manos Neutro sin aroma ni color,1
Jabón para manos Bactericida sin aroma ni color,1
Jabón Neutro Hand bidon 5 Lts,1
Jabón Hand bidón por 5 litros,1
Jabón Bactericida botella x 500 ML,1
Jabón bactericida BAC bidón x 5 Lts,1
Jabón Bactericida 5 litros,1
Jabón Bac x 500 cc,1
Jabón BAC x 5 litros,1
Jabón BAC bidón x 5 Lts,1
Jabón Baac 5 litros,1
Jabon Liquid Sound Bac 500 cc,1
Jabon Bac bidón x 5 Lts,1
Jabon BAC bidón 5 litros,1
Jabon Bac 500 cc,1
Jabon Bac 500,1
Guardapolvos descartables color azul,1
Guantes veterinarios caja x 100 Un,1
Guantes veterinarios bolsa x 100 un,1
Papel 6 x 200,1
Pack Papel Higienico 122,1
Pack higiénico 122,1
Pack de cocina x 6 rollos,1
Pack camilleros x 2 rollos,1
Pack Bobina Industrial x 2 u,1
Pack bobina * 2,1
pa 5 lts,1
Resma kraft 60x60 x 20kg M/Kims,1
Paños Celsoft bolsa por 500,1
Paños bolsa por 50,1
Paño 30*30 1/4 por 500,1
Paquetes toallas 6*200,1
Paquetes toallas 6 x 200,1
Papelhigiénico 122,1
Papel Toalla 6 x 3200,1
Papel Kraft 600*600 mm resma 20 kg,1
Papel higiénico blanco puro 122 mts Pack por 18 unid,1
Papel higiénico 122,1
Papel higiénico * 18,1
PAPEL HIGIÉNICO,1
Papel hig 122,1
Surgibac G bidon x 5 Lts,1
Surgibac G bidon por 5 litros,1
Surgibac G bidon 5 x Lts,1
Surgiba PA bidón 5 L,1
Surgba PA X 5 Lts,1
Srgizime O3botella 1 litro,1
Srgizime O3 bidón x 5 Lts,1
Srgizime O3 bidón por 5 litros,1
Soft clean caja por 500,1
Sirgizime O3 bidon x 5 Lts,1
Servicio entrega,1
ROLLOS TOALLA 6*200,1
Rollos 6*200,1
Guantes veterinarios bolsa por 100 un,1
Guantes rojos para ácido,1
Guantes polietileno veterinarios bolsa x 100 Un,1
Guantes polietileno caja x 100 un,1
Guantes polientileno bolsa x 2 un,1
Guantes Ntrilo L caja por 100,1
Guantes nitrilo x 100 un,1
Guantes nitrilo negro S x100,1
Guantes nitrilo L x 100 un,1
Guantes moteados,1
Guantes Látex caja por 100 L,1
Guantes Latex S,1
Surgibac PA botella,1
Surgibac PA Bidón x 5 Lts,1
Surgibac PA 1 litro,1
Surgibac PA  Plus botella x 1 Lt,1
Surgibac O3 bidón 5 litros,1
Surgibac G x 1 litro,1
Surgibac G Bidón x 5 Lts,1
Surgibac G bidón x 5 litros,1
Guantes Latex M,1
Guante Veterinario Polietileno bolsa por 100,1
Guante Veterinario,1
Guante nitrilo XL caja por 100,1
Guante nitrilo NP negro caja por 100 UN,1
Guante nitrilo NP negro caja por 100 L,1
Guante nitrilo caja por 100 Un Talle XL,1
Guante nitrilo caja por 100,1
Guante Nitrilo aja 100 XL,1
Guante nitril M caja por 100,1
Surgizime 03 bidón por 5,1
Surginac PA bidón por 5 litros,1
Surgibac PAbidón 5 litros,1
Surgibac PA x 1 Lts,1
"Surgibac PA Plus, bidon x 5 Lts",1
Surgibac PA Plus x 1 Lt,1
Surgibac PA Plus botella x 1 litro,1
Surgibac PA Plus 1 litro,1
Surgibac PA botella x 1 Lt,1
Surgibac PA botella por 1 litro,1
Gorros verdugos,1
Espuma Foam,1
Envío Murature 5013,1
Electrodos3M Cod 2228 Cajapor 50,1
Dto 5%,1
Divosan Active bidón,1
Dispenser toalla intercalada,1
Dispenser jabón liquido,1
Dispenser de Papel higiénico,1
Dispenser de jabón líquido,1
Surgizime E2 botella x 1 litro,1
Surgizime E2 botella por 1 Lt,1
Surgizime E2 botella por 1 litro,1
Surgizime E2 botella 1 lt,1
Surgizime E2 bidón 5,1
Surgizime E2 bidón,1
Surgizime E por 5 litros,1
Surgizime botella 1,1
Surgizime 03 botella x 1 Lt,1
Surgizime L5 por 1 litro,1
Surgizime L5 bidón 5 1 litros,1
Surgizime L5 bidón 5,1
Surgizime L5 bidón,1
Surgizime L5 bidon x 5 Lts 25 Lts,1
Surgizime L5 bidon x 5 Lt,1
Surgizime E2 x 1 Lts,1
Dispenser de jabón,1
Detergente enzimástico 03 bidón 5 litros,1
CUIT,1
Cubrezapatos par,1
Cubrezapatos,1
CUBRE CALZADO DESCARTABLE,1
Cofias tela fina descartable,1
Cofias tela descartables,1
COFIA PLISADA DESCARTABLE,1
Cofia Descartable,1
Cofia,1
Celsoft Folder 1/4 500,1
Camisolines descartables,1
Surgizime O3 bidón po 5 litros,1
Surgizime O3 bidón de 5 litros,1
Surgizime O3 bidón 5,1
Surgizime O3 bidón 1 litro,1
Surgizime O3 bidon x 5 litros,1
Surgizime O3  x 1 litro,1
Surgizime O3,1
Surgizime L5 x 1 litro,1
Surgizime L5 por 5 litros,1
Surgizime trienzimatico O3 bidon x 1 litro,1
Surgizime O· bidón por 5 litros,1
Surgizime O3 x 1 Lts,1
Surgizime O3 por 1 litro,1
Surgizime O3 botella x 1 litro,1
Surgizime O3 botella  x1 Lt,1
Surgizime O3 botella  x 1 Lt,1
Surgizime O3 botella,1
Camisolines,1
Camilleros,1
Calibración ECG,1
Cajas toallas Super cortas,1
Caja toallas beige cortas *2500,1
Caja toalla Super Corta,1
Caja guantes veterinario por 100,1
Caja Celsot paños celestes,1
Caimlleros pack por 2,1
Bolsas de polietileno cristal de 45x60 cm 100 micrones,1
Bolsa conteniendo 7 bolsas de 170 x 300 mm,1
Boinas 360,1
Bobina 2*300 pack por 2,1
|Bidón JD-TF 30 21 kg Diversey,1
|Bidón 2180 Diversey,1
Zapato Seguridad T43,1
Zapato Seguridad T42,1
Zapato Seguridad T41,1
Zapato Seguridad T40,1
Zapato Seguridad T39,1
Zapato Seguridad T38,1
Zapato Seguridad T36,1
Zapato Seguridad T35,1
ZAPATO DE SEGURIDAD TALLE 48,1
Tollas 6x200,1
Toallas Supr corta,1
Toallas Super Cortas,1
